word,lemma,pos,freq
",",",",",",791
.,.,.,785
the,the,DT,720
of,of,IN,329
and,and,CC,293
a,a,DT,234
was,was,VBD,200
to,to,TO,192
he,he,PRP,191
?,?,.,158
it,it,PRP,158
in,in,IN,157
had,had,VBD,135
to,to,IN,114
his,his,PRP$,102
for,for,IN,100
i,i,PRP,98
you,you,PRP,96
not,not,SYM,95
;,;,.,88
but,but,CC,87
on,on,IN,82
would,would,MD,80
be,be,VB,80
that,that,IN,77
with,with,IN,73
they,they,PRP,67
her,her,PRP$,61
have,have,VB,61
this,this,DT,61
she,she,PRP,59
were,were,VBD,59
him,him,PRP,58
all,all,DT,56
at,at,IN,55
as,as,IN,54
is,is,VBZ,50
no,no,DT,49
could,could,MD,49
them,them,PRP,47
from,from,IN,46
!,!,.,46
we,we,PRP,45
said,said,VBD,42
their,their,PRP$,41
what,what,WDT,41
been,been,VBN,40
did,did,VBD,38
there,there,EX,37
that,that,DT,37
by,by,IN,36
up,up,RP,33
an,an,DT,33
which,which,WDT,33
one,one,CD,32
time,time,NN,32
or,or,CC,31
my,my,PRP$,30
if,if,IN,29
when,when,WRB,28
now,now,RB,27
helva,helva,NNP,26
do,do,VB,26
are,are,VBP,26
ekstrohm,ekstrohm,NNP,26
mercer,mercer,NNP,26
long,long,JJ,25
out,out,RP,25
know,know,VB,25
hal,hal,NNP,23
other,other,DT,22
into,into,IN,22
so,so,RB,22
her,her,PRP,21
people,people,NNS,21
me,me,PRP,21
like,like,IN,21
b'dikkat,b'dikkat,NNP,21
ship,ship,NN,20
some,some,DT,20
any,any,DT,19
mike,mike,NNP,19
as,as,RB,18
your,your,PRP$,18
jack,jack,NNP,18
man,man,NN,17
own,own,JJ,17
then,then,RB,17
back,back,RB,17
only,only,RB,17
himself,himself,PRP,17
years,years,NNS,16
through,through,IN,16
can,can,MD,16
make,make,VB,16
how,how,WRB,16
will,will,MD,16
never,never,RB,16
where,where,WRB,15
that,that,WP,15
about,about,IN,15
see,see,VB,15
course,course,NN,15
these,these,DT,15
head,head,NN,15
take,take,VB,15
earth,earth,NNP,15
too,too,RB,14
without,without,IN,14
its,its,PRP$,14
good,good,JJ,14
ryan,ryan,NNP,14
just,just,RB,13
than,than,IN,13
no,no,RB,13
don't,don't,NN,13
who,who,WP,13
mind,mind,NN,13
after,after,IN,13
each,each,DT,13
get,get,VB,13
way,way,NN,13
though,though,IN,13
going,going,VBG,13
nothing,nothing,PRP,13
few,few,DT,12
even,even,RB,12
still,still,RB,12
again,again,RB,12
might,might,MD,12
felt,felt,VBD,12
almost,almost,RB,12
i'm,i'm,NN,12
first,first,JJ,11
among,among,IN,11
shell,shell,NN,11
well,well,RB,11
here,here,RB,11
',','',11
before,before,IN,11
between,between,IN,11
more,more,RB,11
out,out,IN,11
thought,thought,VBD,11
knew,knew,VBD,11
light,light,NN,11
yet,yet,RB,11
many,many,DT,11
hesperus,hesperus,NNP,11
down,down,RP,11
central,central,JJ,10
went,went,VBD,10
bodies,bodies,NNS,10
very,very,RB,10
happy,happy,JJ,10
:,:,:,10
all,all,RB,10
ever,ever,RB,10
two,two,CD,10
planet,planet,NN,10
because,because,IN,10
night,night,NN,10
gabriel,gabriel,NNP,10
such,such,JJ,9
brain,brain,NN,9
half,half,DT,9
over,over,IN,9
off,off,RP,9
voice,voice,NN,9
eyes,eyes,NNS,9
has,has,VBZ,9
thing,thing,NN,9
tell,tell,VB,9
spoke,spoke,VBD,9
new,new,JJ,9
being,being,VBG,9
little,little,DT,9
think,think,VB,9
mars,mars,NNP,9
jubal,jubal,NNP,9
half-man,half-man,NN,9
helva's,helva's,NNP,8
more,more,DT,8
kind,kind,NN,8
must,must,MD,8
(,(,(,8
),),),8
why,why,WRB,8
turned,turned,VBD,8
oh,oh,UH,8
couldn't,couldn't,NN,8
had,had,VBN,8
came,came,VBD,8
enough,enough,NN,8
made,made,VBD,8
saw,saw,VBD,8
last,last,DT,8
face,face,NN,8
words,words,NNS,8
on,on,RP,8
angels,angels,NNPS,8
something,something,PRP,8
place,place,NN,8
nogol,nogol,NNP,8
hands,hands,NNS,7
space,space,NN,7
live,live,VB,7
however,however,WRB,7
power,power,NN,7
made,made,VBN,7
got,got,VBD,7
looked,looked,VBD,7
until,until,IN,7
yes,yes,RB,7
took,took,VBD,7
away,away,RB,7
am,am,VBP,7
help,help,VB,7
problem,problem,NN,7
same,same,DT,7
one,one,PRP,7
while,while,IN,7
another,another,DT,7
over,over,RP,7
much,much,RB,7
much,much,DT,7
macneff,macneff,NNP,7
smiled,smiled,VBD,7
gapt,gapt,NN,7
there,there,RB,7
can't,can't,NN,7
those,those,DT,7
give,give,VB,7
longer,longer,JJR,7
siddo,siddo,NNP,7
part,part,NN,7
water,water,NN,7
in,in,RP,7
lay,lay,VBD,7
captain,captain,NN,7
maybe,maybe,RB,7
dead,dead,JJ,7
isn't,isn't,NN,7
there's,there's,NN,7
digby,digby,NNP,7
lady,lady,NNP,7
da,da,NNP,7
pain,pain,NN,7
three,three,CD,6
months,months,NNS,6
big,big,JJ,6
nursery,nursery,NN,6
instead,instead,RB,6
most,most,DT,6
small,small,JJ,6
body,body,NN,6
day,day,NN,6
later,later,RBR,6
meant,meant,VBD,6
asked,asked,VBD,6
believe,believe,VB,6
known,known,VBN,6
personnel,personnel,NNS,6
already,already,RB,6
since,since,IN,6
several,several,DT,6
ask,ask,VB,6
perhaps,perhaps,RB,6
lonely,lonely,JJ,6
beautiful,beautiful,JJ,6
ago,ago,RB,6
found,found,VBN,6
want,want,VB,6
die,die,VB,6
expedition,expedition,NN,6
mean,mean,VB,6
our,our,PRP$,6
side,side,NN,6
word,word,NN,6
us,us,PRP,6
once,once,RB,6
concept,concept,NN,6
treaty,treaty,NN,6
anything,anything,PRP,6
toward,toward,IN,6
skiff,skiff,NN,6
gone,gone,VBN,6
bunk,bunk,NN,6
brother,brother,NN,6
growing,growing,VBG,6
given,given,VBN,5
feet,feet,NNS,5
shells,shells,NNS,5
above,above,IN,5
normal,normal,JJ,5
life,life,NN,5
human,human,NN,5
lost,lost,VBN,5
control,control,NN,5
most,most,RB,5
sight,sight,NN,5
curious,curious,JJ,5
sound,sound,NN,5
warm,warm,JJ,5
during,during,IN,5
nice,nice,JJ,5
work,work,NN,5
old,old,JJ,5
sense,sense,NN,5
therefore,therefore,RB,5
work,work,VB,5
matter,matter,NN,5
first,first,RB,5
always,always,RB,5
i've,i've,NN,5
happen,happen,VB,5
asked,asked,VBN,5
under,under,IN,5
men,men,NNS,5
suspicion,suspicion,NN,5
it's,it's,NN,5
stood,stood,VBD,5
around,around,IN,5
called,called,VBN,5
america,america,NNP,5
speech,speech,NN,5
mary,mary,NNP,5
frozen,frozen,VBN,5
others,others,NNS,5
go,go,VB,5
come,come,VB,5
fact,fact,NN,5
earthmen,earthmen,NNPS,5
angel,angel,NNP,5
center,center,NN,5
wrong,wrong,JJ,5
strange,strange,JJ,5
fusion,fusion,NN,5
simply,simply,RB,5
less,less,DT,5
world,world,NN,5
taught,taught,VBN,5
didn't,didn't,NN,5
look,look,VB,5
ground,ground,NN,5
i'll,i'll,NN,5
grok,grok,VB,5
closer,closer,RBR,5
god,god,NNP,5
grow,grow,VB,5
drug,drug,NN,5
happiness,happiness,NN,5
dromozoa,dromozoa,NNS,5
soon,soon,RB,4
laboratory,laboratory,NNP,4
scout,scout,NN,4
woman,woman,NN,4
eventually,eventually,RB,4
against,against,IN,4
kept,kept,VBD,4
lessons,lessons,NNS,4
history,history,NN,4
doing,doing,VBG,4
proper,proper,JJ,4
used,used,VBD,4
pink,pink,JJ,4
surface,surface,NN,4
although,although,IN,4
seen,seen,VBN,4
experience,experience,NN,4
lady,lady,NN,4
like,like,VB,4
well,well,UH,4
question,question,NN,4
remember,remember,VB,4
herself,herself,PRP,4
better,better,RBR,4
every,every,DT,4
situation,situation,NN,4
sing,sing,VB,4
sounds,sounds,NNS,4
atmosphere,atmosphere,NN,4
behind,behind,IN,4
ready,ready,JJ,4
great,great,JJ,4
itself,itself,PRP,4
field,field,NN,4
vessel,vessel,NN,4
speak,speak,VB,4
forerunner,forerunner,NNP,4
getting,getting,VBG,4
low,low,JJ,4
sigmen,sigmen,NNP,4
having,having,VBG,4
may,may,MD,4
star,star,NN,4
hemisphere,hemisphere,NN,4
need,need,VB,4
divorce,divorce,NN,4
six,six,CD,4
yarrow,yarrow,NNP,4
india,india,NNP,4
southern,southern,JJ,4
days,days,NNS,4
sure,sure,JJ,4
seem,seem,VB,4
love,love,NN,4
towards,towards,IN,4
sleep,sleep,VB,4
drive,drive,NN,4
strong,strong,JJ,4
ozagen,ozagen,NNP,4
write,write,VB,4
understand,understand,VB,4
different,different,JJ,4
computer,computer,NN,4
reason,reason,NN,4
less,less,RB,4
nearly,nearly,RB,4
period,period,NN,4
agreement,agreement,NN,4
party,party,NN,4
agreed,agreed,VBD,4
pleasure,pleasure,NN,4
alive,alive,JJ,4
principle,principle,NN,4
order,order,NN,4
seemed,seemed,VBD,4
brothers,brothers,NNS,4
stars,stars,NNS,4
got,got,VBN,4
feel,feel,VB,4
okay,okay,UH,4
so,so,IN,4
outside,outside,RB,4
answered,answered,VBD,4
that's,that's,NN,4
wasn't,wasn't,NN,4
camp,camp,NN,4
hide,hide,VB,4
secret,secret,NN,4
you've,you've,NN,4
foster,foster,NNP,4
bishop,bishop,NNP,4
martian,martian,JJ,4
real,real,JJ,4
plants,plants,NNS,4
stayed,stayed,VBD,4
supreme,supreme,JJ,4
vs,vs,NNP,4
cabin,cabin,NN,4
needle,needle,NN,4
super-condamine,super-condamine,NN,4
beside,beside,IN,4
none,none,PRP,4
shayol,shayol,NNP,4
lived,lived,VBD,3
enjoyed,enjoyed,VBD,3
alone,alone,RB,3
children,children,NNS,3
class,class,NN,3
neural,neural,JJ,3
started,started,VBD,3
high,high,JJ,3
being,being,NN,3
run,run,VB,3
ships,ships,NNS,3
techniques,techniques,NNS,3
final,final,JJ,3
whatever,whatever,WDT,3
changed,changed,VBN,3
perfect,perfect,JJ,3
around,around,RB,3
basic,basic,JJ,3
possible,possible,JJ,3
group,group,NN,3
members,members,NNS,3
complete,complete,JJ,3
subject,subject,NN,3
use,use,VB,3
copy,copy,NN,3
last,last,NN,3
supper,supper,NNP,3
tiny,tiny,JJ,3
screw,screw,NN,3
vocal,vocal,JJ,3
female,female,NN,3
lost,lost,VBD,3
look,look,NN,3
remarked,remarked,VBD,3
often,often,RB,3
singing,singing,VBG,3
say,say,VB,3
color,color,NN,3
suggested,suggested,VBD,3
eat,eat,VB,3
dark,dark,JJ,3
number,number,NN,3
angel,angel,NN,3
young,young,JJ,3
develop,develop,VB,3
trip,trip,NN,3
making,making,VBG,3
themselves,themselves,PRP,3
reproduction,reproduction,NN,3
equipment,equipment,NN,3
cavity,cavity,NN,3
oxygen,oxygen,NN,3
throat,throat,NN,3
found,found,VBD,3
able,able,JJ,3
needed,needed,VBD,3
actual,actual,JJ,3
partner,partner,NN,3
moment,moment,NN,3
home,home,NN,3
company,company,NN,3
the,the,NN,3
hundred,hundred,CD,3
said,said,VBN,3
stopped,stopped,VBD,3
sandalphon,sandalphon,NNP,3
such,such,NN,3
left,left,VBN,3
only,only,DT,3
pornsen,pornsen,NNP,3
responsible,responsible,JJ,3
self,self,NN,3
does,does,VBZ,3
thoughts,thoughts,NNS,3
records,records,NNS,3
find,find,VB,3
naked,naked,JJ,3
you're,you're,NN,3
linguist,linguist,NN,3
thousand,thousand,CD,3
married,married,VBN,3
women,women,NNS,3
knowing,knowing,VBG,3
language,language,NN,3
glorious,glorious,JJ,3
read,read,VB,3
watched,watched,VBD,3
china,china,NNP,3
asia,asia,NNP,3
northern,northern,JJ,3
union,union,NNP,3
native,native,JJ,3
thin,thin,JJ,3
man's,man's,NN,3
neither,neither,DT,3
nation,nation,NN,3
outside,outside,IN,3
whose,whose,WP$,3
jump,jump,NN,3
except,except,IN,3
living,living,VBG,3
somewhere,somewhere,RB,3
accident,accident,NN,3
web,web,NN,3
disappearance,disappearance,NN,3
thinking,thinking,VBG,3
whining,whining,VBG,3
acceleration,acceleration,NN,3
speed,speed,NN,3
carry,carry,VB,3
crew,crew,NN,3
empty,empty,JJ,3
end,end,NN,3
difficult,difficult,JJ,3
discovered,discovered,VBN,3
organs,organs,NNS,3
tense,tense,NN,3
system,system,NN,3
entirely,entirely,RB,3
yours,yours,NN,3
races,races,NNS,3
shall,shall,MD,3
clear,clear,JJ,3
property,property,NN,3
done,done,VBN,3
show,show,VB,3
should,should,MD,3
turn,turn,NN,3
mankind,mankind,NN,3
let,let,VB,3
short,short,JJ,3
total,total,JJ,3
jack's,jack's,NNP,3
united,united,NN,3
about,about,RB,3
trouble,trouble,NN,3
suppose,suppose,VB,3
tried,tried,VBN,3
elders,elders,NNS,3
what's,what's,NN,3
scanned,scanned,VBD,3
langer,langer,NNP,3
generator,generator,NN,3
powerful,powerful,JJ,3
answer,answer,NN,3
headed,headed,VBN,3
hold,hold,VB,3
whether,whether,IN,3
hesitated,hesitated,VBD,3
board,board,NN,3
minutes,minutes,NNS,3
sky,sky,NN,3
actually,actually,RB,3
generations,generations,NNS,3
right,right,RB,3
they're,they're,NN,3
hand,hand,NN,3
walked,walked,VBD,3
midnight,midnight,NN,3
admitted,admitted,VBD,3
sometimes,sometimes,RB,3
gave,gave,VBD,3
stormy,stormy,NNP,3
doesn't,doesn't,NN,3
radiation,radiation,NN,3
seems,seems,VBZ,3
sleeping,sleeping,VBG,3
bubble,bubble,NN,3
asleep,asleep,RB,3
insomnia,insomnia,NN,3
slept,slept,VBD,3
resting,resting,VBG,3
right,right,JJ,3
stupid,stupid,JJ,3
grokked,grokked,VBD,3
archangel,archangel,NNP,3
goodness,goodness,NN,3
jubal's,jubal's,NNP,3
church,church,NN,3
forced,forced,VBD,3
thou,thou,PRP,3
grokking,grokking,NN,3
breathing,breathing,NN,3
sat,sat,VBD,3
tray,tray,NN,3
grown,grown,VBN,3
little,little,JJ,3
pressure,pressure,NN,3
martians,martians,NNPS,3
sad,sad,JJ,3
homesick,homesick,JJ,3
next,next,DT,3
short,short,NNP,3
turned,turned,VBN,3
anne,anne,NNP,3
events,events,NNS,3
tried,tried,VBD,3
near,near,IN,3
wondered,wondered,VBD,3
talk,talk,VB,3
forever,forever,RB,3
remote,remote,JJ,3
play,play,NN,3
scene,scene,NN,3
plain,plain,NN,3
name,name,NN,2
waved,waved,VBD,2
school,school,NNP,2
began,began,VBD,2
died,died,VBD,2
initial,initial,JJ,2
metal,metal,NN,2
chose,chose,VBD,2
mobile,mobile,JJ,2
intelligence,intelligence,NN,2
tests,tests,NNS,2
development,development,NN,2
within,within,IN,2
pituitary,pituitary,NN,2
unusual,unusual,JJ,2
far,far,JJ,2
faced,faced,VBN,2
patterns,patterns,NNS,2
certain,certain,JJ,2
facts,facts,NNS,2
profession,profession,NN,2
build,build,VB,2
past,past,IN,2
necessity,necessity,NN,2
smaller,smaller,JJR,2
panels,panels,NNS,2
universe,universe,NNP,2
games,games,NNS,2
mental,mental,JJ,2
law,law,NN,2
became,became,VBD,2
reasoning,reasoning,VBG,2
logical,logical,JJ,2
informed,informed,VBN,2
busy,busy,JJ,2
citizens,citizens,NNS,2
forced,forced,VBN,2
worlds,worlds,NNPS,2
tour,tour,NN,2
set,set,VBD,2
original,original,JJ,2
relief,relief,NN,2
fine,fine,JJ,2
parts,parts,NNS,2
worked,worked,VBD,2
crooned,crooned,VBD,2
hum,hum,NN,2
quality,quality,NN,2
instinctively,instinctively,RB,2
skin,skin,NN,2
calmly,calmly,RB,2
become,become,VB,2
politely,politely,RB,2
discussions,discussions,NNS,2
vision,vision,NN,2
magnification,magnification,NN,2
match,match,VB,2
fair,fair,JJ,2
forget,forget,VB,2
really,really,RB,2
tone,tone,NN,2
holding,holding,VBG,2
picture,picture,NN,2
ladies,ladies,NNS,2
committee,committee,NN,2
angels,angels,NNS,2
sir,sir,NN,2
stand,stand,VB,2
pin,pin,NN,2
humor,humor,NN,2
decided,decided,VBD,2
worth,worth,JJ,2
left,left,VBD,2
applicable,applicable,JJ,2
music,music,NN,2
atomic,atomic,JJ,2
age,age,NN,2
singers,singers,NNS,2
visual,visual,JJ,2
sonic,sonic,JJ,2
technical,technical,JJ,2
attitude,attitude,NN,2
bizarre,bizarre,JJ,2
bother,bother,VB,2
instrumental,instrumental,JJ,2
vowel,vowel,NN,2
oral,oral,JJ,2
breathe,breathe,VB,2
purposes,purposes,NNS,2
gases,gases,NNS,2
medium,medium,NN,2
discovered,discovered,VBD,2
diaphragmic,diaphragmic,JJ,2
position,position,NN,2
compared,compared,VBD,2
results,results,NNS,2
recordings,recordings,NNS,2
tapes,tapes,NNS,2
unique,unique,JJ,2
library,library,NN,2
trained,trained,VBN,2
struck,struck,VBD,2
correct,correct,JJ,2
required,required,VBN,2
year,year,NN,2
remained,remained,VBD,2
flight,flight,NN,2
eight,eight,CD,2
showed,showed,VBD,2
sitting,sitting,VBG,2
demanded,demanded,VBD,2
attention,attention,NN,2
interest,interest,NN,2
partners,partners,NNS,2
move,move,NN,2
tanner,tanner,NNP,2
hello,hello,UH,2
anyone,anyone,PRP,2
hopefully,hopefully,RB,2
recognized,recognized,VBD,2
service,service,NNP,2
come,come,VBN,2
available,available,JJ,2
directives,directives,NNS,2
truth,truth,NN,2
sudden,sudden,JJ,2
become,become,VBN,2
guys,guys,NNS,2
involved,involved,VBN,2
third,third,JJ,2
learned,learned,VBN,2
reported,reported,VBD,2
beings,beings,NNS,2
inhabited,inhabited,VBN,2
sentient,sentient,JJ,2
blue,blue,JJ,2
forgive,forgive,VB,2
inevitable,inevitable,JJ,2
time,time,NNP,2
besides,besides,RB,2
back,back,NN,2
older,older,JJR,2
promoted,promoted,VBN,2
m.,m.,NNP,2
swiftly,swiftly,RB,2
please,please,VB,2
conditions,conditions,NNS,2
distance,distance,NN,2
volunteer,volunteer,VB,2
leaves,leaves,VBZ,2
huge,huge,JJ,2
unfortunately,unfortunately,RB,2
more,more,RBR,2
exists,exists,VBZ,2
automatically,automatically,RB,2
horrified,horrified,VBN,2
reading,reading,NN,2
western,western,JJ,2
provision,provision,NN,2
case,case,NN,2
least,least,DT,2
naturally,naturally,RB,2
wisdom,wisdom,NN,2
therein,therein,RB,2
observation,observation,NN,2
dome,dome,NN,2
australia,australia,NNP,2
japan,japan,NNP,2
southeast,southeast,JJ,2
siberia,siberia,NNP,2
terms,terms,NNS,2
languages,languages,NNS,2
islands,islands,NNPS,2
haijac,haijac,NNP,2
american,american,JJ,2
states,states,NNS,2
federation,federation,NNP,2
sea,sea,NNP,2
minor,minor,JJ,2
tongue,tongue,NN,2
europe,europe,NNP,2
israeli,israeli,JJ,2
republics,republics,NNPS,2
peoples,peoples,NNS,2
called,called,VBD,2
land,land,NN,2
war,war,NN,2
second,second,JJ,2
apocalyptic,apocalyptic,JJ,2
war,war,NNP,2
government,government,NN,2
syntax,syntax,NN,2
simple,simple,JJ,2
rest,rest,NN,2
iceland,iceland,NNP,2
south,south,JJ,2
gotten,gotten,VBN,2
north,north,JJ,2
enormous,enormous,JJ,2
husband,husband,NN,2
loved,loved,VBD,2
professional,professional,JJ,2
beloved,beloved,JJ,2
killed,killed,VBN,2
also,also,RB,2
simultaneously,simultaneously,RB,2
winds,winds,NNS,2
public,public,JJ,2
sturch,sturch,NNP,2
tears,tears,NNS,2
crowd,crowd,NN,2
told,told,VBD,2
best,best,JJS,2
free,free,JJ,2
death,death,NN,2
marriage,marriage,NN,2
list,list,NN,2
selected,selected,VBN,2
psychological,psychological,JJ,2
present,present,JJ,2
candidate,candidate,NN,2
hear,hear,VB,2
slowly,slowly,RB,2
ward,ward,NN,2
idea,idea,NN,2
bound,bound,VBN,2
wonderful,wonderful,JJ,2
cherished,cherished,VBN,2
pointed,pointed,VBD,2
destination,destination,NN,2
one-gee,one-gee,JJ,2
needed,needed,VBN,2
performance,performance,NN,2
suspensor,suspensor,NN,2
lie,lie,VB,2
suspended,suspended,VBN,2
animation,animation,NN,2
check,check,NN,2
automatic,automatic,JJ,2
unfrozen,unfrozen,VBN,2
reaching,reaching,VBG,2
cut,cut,VB,2
deceleration,deceleration,NN,2
brought,brought,VBN,2
equal,equal,JJ,2
mistaken,mistaken,VBN,2
duty,duty,NN,2
teach,teach,VB,2
true,true,JJ,2
future,future,NN,2
thus,thus,RB,2
masculine,masculine,JJ,2
extra,extra,JJ,2
gender,gender,NN,2
anybody,anybody,PRP,2
running,running,VBG,2
chain,chain,NN,2
doubt,doubt,NN,2
fast,fast,JJ,2
assumptions,assumptions,NNS,2
powers,powers,NNS,2
process,process,NN,2
takes,takes,VBZ,2
pause,pause,NN,2
snapping,snapping,VBG,2
questions,questions,NNS,2
but,but,IN,2
wait,wait,VB,2
race,race,NN,2
example,example,NN,2
deal,deal,NN,2
nevertheless,nevertheless,RB,2
nature,nature,NN,2
gives,gives,VBZ,2
valuable,valuable,JJ,2
heart,heart,NN,2
instance,instance,NN,2
major,major,JJ,2
important,important,JJ,2
apparently,apparently,RB,2
lucifer,lucifer,NNP,2
quarters,quarters,NNS,2
return,return,NN,2
accordance,accordance,NN,2
hurt,hurt,NN,2
natures,natures,NNS,2
agree,agree,VB,2
second,second,NN,2
vanished,vanished,VBN,2
trace,trace,NN,2
asking,asking,VBG,2
serve,serve,VB,2
heaven,heaven,NNP,2
laws,laws,NNS,2
preferences,preferences,NNS,2
passing,passing,VBG,2
trust,trust,NN,2
uncomfortable,uncomfortable,JJ,2
amount,amount,VB,2
agreements,agreements,NNS,2
states,states,NNPS,2
sort,sort,NN,2
limited,limited,VBN,2
easy,easy,JJ,2
diplomatic,diplomatic,JJ,2
wanted,wanted,VBD,2
faith,faith,NN,2
trying,trying,VBG,2
once,once,IN,2
phrase,phrase,NN,2
lips,lips,NNS,2
learning,learning,VBG,2
happened,happened,VBN,2
range,range,NN,2
skies,skies,NNS,2
boards,boards,NNS,2
radar,radar,NN,2
bigger,bigger,JJR,2
coal,coal,NNP,2
sack,sack,NNP,2
both,both,DT,2
sail,sail,NN,2
ariadne,ariadne,NNP,2
nernst,nernst,NNP,2
send,send,VB,2
catch,catch,VB,2
seeing,seeing,VBG,2
very,very,DT,2
angel's,angel's,NNP,2
along,along,IN,2
line,line,NN,2
intentional,intentional,JJ,2
lead,lead,NN,2
switch,switch,NN,2
fuses,fuses,NNS,2
fast,fast,RB,2
turn,turn,VB,2
nobody,nobody,PRP,2
else,else,RB,2
angry,angry,JJ,2
sigh,sigh,NN,2
threw,threw,VBD,2
full,full,JJ,2
before,before,RB,2
five,five,CD,2
anyhow,anyhow,RB,2
sleepily,sleepily,RB,2
inside,inside,IN,2
let's,let's,NN,2
rolled,rolled,VBD,2
horizon,horizon,NN,2
black,black,NN,2
snow,snow,NN,2
cold,cold,JJ,2
belt,belt,NN,2
planets,planets,NNS,2
solar,solar,JJ,2
system,system,NNP,2
probably,probably,RB,2
ancient,ancient,JJ,2
animals,animals,NNS,2
intelligent,intelligent,JJ,2
quietly,quietly,RB,2
stone,stone,NN,2
easy,easy,RB,2
heard,heard,VBD,2
stepped,stepped,VBD,2
straight,straight,RB,2
negative,negative,JJ,2
start,start,VB,2
goes,goes,VBZ,2
glance,glance,NN,2
gauge,gauge,NN,2
coverall,coverall,NN,2
insects,insects,NNS,2
ignored,ignored,VBD,2
noon,noon,NN,2
nudged,nudged,VBD,2
close,close,RB,2
wonder,wonder,VB,2
joke,joke,NN,2
surveyor,surveyor,NN,2
following,following,VBG,2
sure,sure,RB,2
hell,hell,NN,2
lay,lay,VB,2
setup,setup,NN,2
meantime,meantime,NN,2
killed,killed,VBD,2
critters,critters,NNS,2
alien,alien,JJ,2
spaceship,spaceship,NN,2
game,game,NN,2
possibility,possibility,NN,2
leave,leave,VB,2
comfortable,comfortable,JJ,2
solid,solid,JJ,2
bubbles,bubbles,NNS,2
privacy,privacy,NN,2
listened,listened,VBD,2
morning,morning,NN,2
sun,sun,NN,2
riding,riding,VBG,2
pretending,pretending,VBG,2
light,light,JJ,2
need,need,NN,2
forgot,forgot,VBD,2
fell,fell,VBD,2
waking,waking,VBG,2
stupor,stupor,NN,2
buddies,buddies,NNS,2
whom,whom,WP,2
hiding,hiding,VBG,2
century,century,NN,2
sex,sex,NN,2
hatch,hatch,NN,2
stirred,stirred,VBD,2
talking,talking,VBG,2
grass,grass,NN,2
listen,listen,VB,2
things,things,NNS,2
shook,shook,VBD,2
violent,violent,JJ,2
merge,merge,VB,2
cherish,cherish,VB,2
trance,trance,NN,2
heard,heard,VBN,2
cusp,cusp,NN,2
boone,boone,NNP,2
english,english,NNP,2
mahmoud,mahmoud,NNP,2
art,art,NN,2
english,english,JJ,2
telling,telling,VBG,2
ran,ran,VBD,2
my,my,UH,2
fine,fine,RB,2
everybody,everybody,PRP,2
hungry,hungry,JJ,2
plenty,plenty,RB,2
summer,summer,NN,2
switch,switch,VB,2
pleased,pleased,VBN,2
wide,wide,JJ,2
humans,humans,NNS,2
news,news,NN,2
ones,ones,NNPS,2
arms,arms,NNS,2
cosmic,cosmic,JJ,2
mind,mind,VB,2
art,art,VBP,2
plan,plan,NN,2
nor,nor,CC,2
continued,continued,VBD,2
published,published,VBD,2
translated,translated,VBN,2
opened,opened,VBD,2
saying,saying,VBG,2
sit,sit,VB,2
flowers,flowers,NNS,2
announced,announced,VBD,2
read,read,VBD,2
room,room,NN,2
day,day,NNP,2
bishops,bishops,NNS,2
elevation,elevation,NN,2
accepted,accepted,VBD,2
lots,lots,NNS,2
jackass,jackass,NN,2
angelic,angelic,JJ,2
check,check,VB,2
halo,halo,NN,2
touch,touch,VB,2
fool,fool,NN,2
held,held,VBD,2
deep,deep,JJ,2
happened,happened,VBD,2
boy,boy,NN,2
girls,girls,NNS,2
that,that,RB,2
noticed,noticed,VBD,2
hit,hit,VBD,2
girl,girl,NN,2
covered,covered,VBN,2
corner,corner,NN,2
luck,luck,NN,2
meaning,meaning,NN,2
pains,pains,NNS,2
remembered,remembered,VBD,2
torsos,torsos,NNS,2
count,count,VB,2
dusty,dusty,JJ,2
wept,wept,VBD,2
mercer's,mercer's,NNP,2
thigh,thigh,NN,2
legs,legs,NNS,2
repeated,repeated,VBD,2
hope,hope,NN,2
ones,ones,NNS,2
follow,follow,VB,2
herd,herd,NN,2
gently,gently,RB,2
fate,fate,NN,2
letter,letter,NN,2
vegetable,vegetable,NN,1
crabbed,crabbed,JJ,1
claws,claws,NNS,1
kicked,kicked,VBD,1
weakly,weakly,RB,1
clubbed,clubbed,VBN,1
usual,usual,JJ,1
routine,routine,NN,1
infant,infant,NN,1
city's,city's,NN,1
special,special,JJ,1
removed,removed,VBN,1
delicate,delicate,JJ,1
transformation,transformation,NN,1
babies,babies,NNS,1
transferral,transferral,NN,1
seventeen,seventeen,CD,1
thrived,thrived,VBD,1
kicking,kicking,VBG,1
responses,responses,NNS,1
wheels,wheels,NNS,1
grabbing,grabbing,VBG,1
manipulated,manipulated,VBD,1
mechanical,mechanical,JJ,1
extensions,extensions,NNS,1
matured,matured,VBD,1
synapses,synapses,NNS,1
adjusted,adjusted,VBN,1
operate,operate,VB,1
mechanisms,mechanisms,NNS,1
maintenance,maintenance,NN,1
running,running,NN,1
destined,destined,VBN,1
partnered,partnered,VBN,1
whichever,whichever,WDT,1
elite,elite,NN,1
registered,registered,VBD,1
adaptation,adaptation,NN,1
index,index,NN,1
unusually,unusually,RB,1
expectations,expectations,NNS,1
side-effects,side-effects,NNS,1
tinkering,tinkering,NN,1
rewarding,rewarding,JJ,1
rich,rich,JJ,1
cry,cry,NN,1
ordinary,ordinary,JJ,1
diagram,diagram,NN,1
early,early,JJ,1
i.q.,i.q.,NNP,1
recorded,recorded,VBD,1
essential,essential,JJ,1
learn,learn,VB,1
bide,bide,VB,1
official,official,JJ,1
trusting,trusting,VBG,1
massive,massive,JJ,1
doses,doses,NNS,1
shell-psychology,shell-psychology,NN,1
suffice,suffice,VB,1
necessary,necessary,JJ,1
bulwark,bulwark,NN,1
confinement,confinement,NN,1
pressures,pressures,NNS,1
run,run,VBN,1
rogue,rogue,NN,1
insane,insane,JJ,1
resources,resources,NNS,1
experimental,experimental,JJ,1
stages,stages,NNS,1
babes,babes,NNS,1
survived,survived,VBD,1
manipulation,manipulation,NN,1
eliminating,eliminating,VBG,1
transfers,transfers,NNS,1
larger,larger,JJR,1
connection,connection,NN,1
industrial,industrial,JJ,1
combine,combine,NN,1
resembled,resembled,VBD,1
mature,mature,JJ,1
dwarfs,dwarfs,NNS,1
size,size,NN,1
natal,natal,JJ,1
deformities,deformities,NNS,1
well-oriented,well-oriented,JJ,1
places,places,NNS,1
scooted,scooted,VBD,1
classmates,classmates,NNS,1
playing,playing,VBG,1
stall,stall,NNP,1
power-seek,power-seek,NNP,1
studying,studying,VBG,1
trajectory,trajectory,NN,1
propulsion,propulsion,NN,1
computation,computation,NN,1
logistics,logistics,NN,1
hygiene,hygiene,NN,1
alien,alien,NN,1
psychology,psychology,NN,1
philology,philology,NN,1
traffic,traffic,NN,1
codes,codes,NNS,1
et,et,NN,1
ceteras,ceteras,NN,1
compounded,compounded,VBN,1
citizen,citizen,NN,1
obvious,obvious,JJ,1
importance,importance,NN,1
teachers,teachers,NNS,1
ingested,ingested,VBD,1
precepts,precepts,NNS,1
conditioning,conditioning,NN,1
easily,easily,RB,1
absorbed,absorbed,VBD,1
nutrient,nutrient,JJ,1
fluid,fluid,NN,1
grateful,grateful,JJ,1
patient,patient,JJ,1
drone,drone,NN,1
sub-conscious-level,sub-conscious-level,NN,1
instruction,instruction,NN,1
civilization,civilization,NN,1
do-good,do-good,JJ,1
associations,associations,NNS,1
exploring,exploring,VBG,1
inhumanities,inhumanities,NNS,1
terrestrial,terrestrial,JJ,1
extraterrestrial,extraterrestrial,JJ,1
incensed,incensed,VBN,1
shelled,shelled,VBN,1
turning,turning,VBG,1
fourteen,fourteen,CD,1
shrugged,shrugged,VBD,1
shoulders,shoulders,NNS,1
arranged,arranged,VBD,1
schools,schools,NNPS,1
start,start,NN,1
showing,showing,VBG,1
case,case,VB,1
histories,histories,NNS,1
photographs,photographs,NNS,1
committees,committees,NNS,1
photos,photos,NNS,1
objections,objections,NNS,1
overridden,overridden,VBN,1
hideous,hideous,JJ,1
mercifully,mercifully,RB,1
concealed,concealed,VBN,1
arts,arts,NNPS,1
selective,selective,JJ,1
crowded,crowded,VBN,1
program,program,NN,1
activated,activated,VBN,1
microscopic,microscopic,JJ,1
tools,tools,NNS,1
minute,minute,JJ,1
repairs,repairs,NNS,1
various,various,JJ,1
panel,panel,NN,1
large,large,JJ,1
canvas,canvas,NN,1
tuned,tuned,VBN,1
degree,degree,NN,1
absentmindedly,absentmindedly,RB,1
producing,producing,VBG,1
cords,cords,NNS,1
diaphragms,diaphragms,NNS,1
issued,issued,VBD,1
microphones,microphones,NNS,1
rather,rather,IN,1
mouths,mouths,NNS,1
vibrancy,vibrancy,NN,1
dulcet,dulcet,JJ,1
aimless,aimless,JJ,1
chromatic,chromatic,JJ,1
wanderings,wanderings,NNS,1
lovely,lovely,JJ,1
visitors,visitors,NNS,1
caught,caught,VBD,1
fascinating,fascinating,JJ,1
panorama,panorama,NN,1
regular,regular,JJ,1
dirty,dirty,JJ,1
craters,craters,NNS,1
flaky,flaky,JJ,1
gurgle,gurgle,NN,1
surprise,surprise,NN,1
regulated,regulated,VBD,1
cratered,cratered,VBN,1
pores,pores,NNS,1
assumed,assumed,VBD,1
proportions,proportions,NNS,1
quite,quite,NN,1
training,training,NN,1
madam,madam,NN,1
peculiarities,peculiarities,NNS,1
excessively,excessively,RB,1
irritating,irritating,JJ,1
prolonged,prolonged,VBN,1
intra-stellar,intra-stellar,JJ,1
distances,distances,NNS,1
eliminated,eliminated,VBN,1
unshelled,unshelled,JJ,1
reaction,reaction,NN,1
reported,reported,VBN,1
instantly,instantly,RB,1
dear,dear,NN,1
amended,amended,VBD,1
thank,thank,VB,1
sheered,sheered,VBD,1
personal,personal,JJ,1
filed,filed,VBD,1
comment,comment,NN,1
further,further,JJR,1
meditation,meditation,NN,1
currently,currently,RB,1
reproducing,reproducing,VBG,1
twittered,twittered,VBD,1
surveyed,surveyed,VBD,1
critically,critically,RB,1
values,values,NNS,1
master's,master's,NNP,1
perspective,perspective,NN,1
faulty,faulty,JJ,1
lady's,lady's,NN,1
unmagnified,unmagnified,JJ,1
bugged,bugged,VBD,1
contrite,contrite,JJ,1
blushed,blushed,VBN,1
people,people,VB,1
adjustable,adjustable,JJ,1
monitor,monitor,NN,1
discourse,discourse,NN,1
grinned,grinned,VBD,1
pride,pride,NN,1
amusement,amusement,NN,1
indicated,indicated,VBD,1
pity,pity,NN,1
unfortunate,unfortunate,NN,1
will,will,NN,1
substituting,substituting,VBG,1
magnifying,magnifying,VBG,1
device,device,NN,1
extension,extension,NN,1
shock,shock,NN,1
gentlemen,gentlemen,NNS,1
bent,bent,VBD,1
observe,observe,VB,1
incredibly,incredibly,RB,1
copied,copied,VBN,1
brilliantly,brilliantly,RB,1
executed,executed,VBN,1
gentleman,gentleman,NN,1
accompany,accompany,VB,1
wife,wife,NN,1
lord,lord,NNP,1
fear,fear,VB,1
tread,tread,VB,1
referring,referring,VBG,1
age,age,NNP,1
substitute,substitute,VB,1
atom,atom,NN,1
insoluble,insoluble,JJ,1
metallic,metallic,JJ,1
content,content,NN,1
programed,programed,VBN,1
compute,compute,VB,1
program,program,VB,1
directed,directed,VBN,1
proportion,proportion,NN,1
contributes,contributes,VBZ,1
effect,effect,NN,1
chortled,chortled,VBD,1
appreciatively,appreciatively,RB,1
investigation,investigation,NN,1
spent,spent,VBD,1
digesting,digesting,VBG,1
thoughtful,thoughtful,JJ,1
food,food,NN,1
served,served,VBN,1
morsel,morsel,NN,1
required,required,VBD,1
research,research,NN,1
exposed,exposed,VBN,1
appreciation,appreciation,NN,1
included,included,VBN,1
classical,classical,JJ,1
works,works,NNS,1
tristan,tristan,NNP,1
und,und,NN,1
isolde,isolde,NNP,1
candide,candide,NNP,1
oklahoma,oklahoma,NNP,1
nozze,nozze,NN,1
de,de,NN,1
figaro,figaro,NNP,1
eileen,eileen,NNP,1
farrell,farrell,NNP,1
elvis,elvis,NNP,1
presley,presley,NNP,1
geraldine,geraldine,NNP,1
todd,todd,NNP,1
rhythmic,rhythmic,JJ,1
progressions,progressions,NNS,1
venusians,venusians,NNPS,1
capellan,capellan,JJ,1
chromatics,chromatics,NNS,1
concerti,concerti,NNS,1
altairians,altairians,NNPS,1
person,person,NN,1
posed,posed,VBD,1
considerable,considerable,JJ,1
difficulties,difficulties,NNS,1
overcome,overcome,VBN,1
schooled,schooled,VBN,1
examine,examine,VB,1
aspect,aspect,NN,1
prognosis,prognosis,NN,1
balanced,balanced,VBN,1
properly,properly,RB,1
optimism,optimism,NN,1
practicality,practicality,NN,1
nondefeatist,nondefeatist,NN,1
led,led,VBD,1
extricate,extricate,VB,1
situations,situations,NNS,1
open,open,VB,1
mouth,mouth,NN,1
restrictions,restrictions,NNS,1
method,method,NN,1
by-passing,by-passing,JJ,1
limitations,limitations,NNS,1
whereby,whereby,WRB,1
approached,approached,VBD,1
investigating,investigating,VBG,1
methods,methods,NNS,1
centuries,centuries,NNS,1
production,production,NN,1
essentially,essentially,RB,1
breath,breath,NN,1
enunciation,enunciation,NN,1
appeared,appeared,VBD,1
require,require,VB,1
practice,practice,NN,1
strictly,strictly,RB,1
speaking,speaking,VBG,1
drawn,drawn,VBN,1
surrounding,surrounding,VBG,1
lungs,lungs,NNS,1
sustained,sustained,VBN,1
artificially,artificially,RB,1
solution,solution,NN,1
experimentation,experimentation,NN,1
manipulate,manipulate,VB,1
unit,unit,NN,1
sustain,sustain,VB,1
relaxing,relaxing,VBG,1
muscles,muscles,NNS,1
expanding,expanding,VBG,1
frontal,frontal,JJ,1
sinuses,sinuses,NNS,1
direct,direct,VB,1
felicitous,felicitous,JJ,1
microphone,microphone,NN,1
tape,tape,NN,1
modern,modern,JJ,1
unpleased,unpleased,JJ,1
peculiar,peculiar,JJ,1
unharmonious,unharmonious,JJ,1
merely,merely,RB,1
acquiring,acquiring,VBG,1
repertoire,repertoire,NN,1
recall,recall,NN,1
role,role,NN,1
song,song,NN,1
fancy,fancy,NN,1
occurred,occurred,VBN,1
bass,bass,NN,1
baritone,baritone,NN,1
tenor,tenor,NN,1
alto,alto,NN,1
mezzo,mezzo,NN,1
soprano,soprano,NN,1
coloratura,coloratura,NN,1
pleased,pleased,VBD,1
attempted,attempted,VBN,1
authorities,authorities,NNS,1
avocation,avocation,NN,1
encouraged,encouraged,VBN,1
hobby,hobby,NN,1
maintained,maintained,VBD,1
proficiency,proficiency,NN,1
anniversary,anniversary,NN,1
sixteenth,sixteenth,JJ,1
unconditionally,unconditionally,RB,1
graduated,graduated,VBN,1
installed,installed,VBN,1
aj,aj,NNP,1
permanent,permanent,JJ,1
titanium,titanium,NN,1
recessed,recessed,VBN,1
indestructible,indestructible,JJ,1
barrier,barrier,NN,1
shaft,shaft,NN,1
audio,audio,JJ,1
sensory,sensory,JJ,1
connections,connections,NNS,1
sealed,sealed,VBN,1
extendibles,extendibles,NNS,1
diverted,diverted,VBN,1
connected,connected,VBN,1
augmented,augmented,VBN,1
delicate-beyond-description,delicate-beyond-description,JJ,1
taps,taps,NNS,1
completed,completed,VBN,1
anesthetically,anesthetically,RB,1
unaware,unaware,JJ,1
proceedings,proceedings,NNS,1
awoke,awoke,VBD,1
controlled,controlled,VBD,1
function,function,NN,1
navigation,navigation,NN,1
loading,loading,VBG,1
care,care,NN,1
ambulatory,ambulatory,JJ,1
recorded,recorded,VBN,1
annals,annals,NNS,1
fertile,fertile,JJ,1
minds,minds,NNS,1
imagine,imagine,VB,1
mock,mock,JJ,1
flights,flights,NNS,1
dummy,dummy,JJ,1
mastery,mastery,NN,1
adventures,adventures,NNS,1
arrival,arrival,NN,1
nine,nine,CD,1
qualified,qualified,VBN,1
scouts,scouts,NNS,1
collecting,collecting,VBG,1
base,base,NN,1
pay,pay,NN,1
commissioned,commissioned,VBN,1
missions,missions,NNS,1
instant,instant,JJ,1
department,department,NN,1
heads,heads,NNS,1
determined,determined,VBN,1
assigned,assigned,VBN,1
section,section,NN,1
consequently,consequently,RB,1
remembered,remembered,VBN,1
introduce,introduce,VB,1
prospective,prospective,JJ,1
base,base,NNP,1
guided,guided,VBN,1
wrangled,wrangled,VBD,1
robert,robert,NNP,1
sneaked,sneaked,VBD,1
pilots',pilots',NNS,1
barracks,barracks,NN,1
slim,slim,JJ,1
hull,hull,NN,1
wisecracked,wisecracked,VBD,1
replied,replied,VBD,1
logically,logically,RB,1
activating,activating,VBG,1
outside,outside,JJ,1
scanners,scanners,NNS,1
scout,scout,NNP,1
uniform,uniform,NN,1
retorted,retorted,VBD,1
sounded,sounded,VBD,1
little,little,RB,1
self-pitying,self-pitying,JJ,1
darkened,darkened,VBN,1
recently,recently,RB,1
technicians,technicians,NNS,1
score,score,NN,1
solitude,solitude,NN,1
momentary,momentary,JJ,1
charm,charm,NN,1
oppressive,oppressive,JJ,1
scarcely,scarcely,RB,1
cause,cause,NN,1
regret,regret,NN,1
biting,biting,VBG,1
fingernails,fingernails,NNS,1
quick,quick,NN,1
waiting,waiting,VBG,1
invitation,invitation,NN,1
board,board,VB,1
expense,expense,NN,1
astronomical,astronomical,JJ,1
sent,sent,VBD,1
faster,faster,JJR,1
interstellar,interstellar,JJ,1
drives,drives,NNS,1
forgetting,forgetting,VBG,1
enthusiasm,enthusiasm,NN,1
pacing,pacing,VBG,1
stare,stare,VB,1
pale,pale,JJ,1
sharply,sharply,RB,1
predict,predict,VB,1
and,and,NN,1
world,world,NNP,1
line,line,NNP,1
page,page,NN,1
573,573,CD,1
glad,glad,JJ,1
scriptural,scriptural,JJ,1
impression,impression,NN,1
impressions,impressions,NNS,1
bear,bear,VB,1
scars,scars,NNS,1
whipped,whipped,VBD,1
impresser,impresser,NN,1
grew,grew,VBD,1
creche,creche,NN,1
dormitory,dormitory,NN,1
college,college,NN,1
block,block,NN,1
r.'s,r.'s,NNPS,1
revulsion,revulsion,NN,1
protest,protest,NN,1
happens,happens,VBZ,1
r.,r.,NNP,1
willed,willed,VBD,1
contrary-to-reality,contrary-to-reality,JJ,1
pardon,pardon,VB,1
find,find,NN,1
wish,wish,VB,1
orders,orders,NNS,1
swift,swift,JJ,1
survey,survey,NN,1
return,return,VB,1
lightyears,lightyears,NNS,1
eye,eye,NN,1
told,told,VBN,1
military,military,NN,1
specialists,specialists,NNS,1
taking,taking,VBG,1
limits,limits,VBZ,1
linguists,linguists,NNS,1
considered,considered,VBN,1
professionals,professionals,NNS,1
lamechians,lamechians,NNPS,1
waited,waited,VBD,1
paced,paced,VBD,1
frowning,frowning,VBG,1
lamechian,lamechian,JJ,1
pardons,pardons,NNS,1
aboard,aboard,IN,1
gasped,gasped,VBD,1
a,a,NN,1
raised,raised,VBD,1
apologetically,apologetically,RB,1
talmud,talmud,NNP,1
urielites,urielites,NNPS,1
arise,arise,VB,1
reference,reference,NN,1
couple,couple,NN,1
separated,separated,VBN,1
forty,forty,CD,1
couched,couched,VBD,1
obscure,obscure,JJ,1
enemies,enemies,NNS,1
israelites,israelites,NNPS,1
planned,planned,VBD,1
ball,ball,NN,1
dwindle,dwindle,VB,1
blazed,blazed,VBD,1
megalopolises,megalopolises,NNS,1
glittering,glittering,VBG,1
discs,discs,NNS,1
necklaces,necklaces,NNS,1
spoken,spoken,VBN,1
philippine,philippine,JJ,1
ceylon,ceylon,NNP,1
malay,malay,NNP,1
bazaar,bazaar,NNP,1
icelandic,icelandic,NNP,1
globe,globe,NN,1
visualized,visualized,VBD,1
africa,africa,NNP,1
swahili,swahili,NNP,1
south,south,NN,1
sahara,sahara,NNP,1
mediterranean,mediterranean,NNP,1
tibet,tibet,NNP,1
hebrew,hebrew,NNP,1
icelandic-speaking,icelandic-speaking,JJ,1
stretch,stretch,NN,1
territory,territory,NN,1
march,march,NNP,1
disputed,disputed,VBN,1
republic,republic,NNP,1
potential,potential,JJ,1
source,source,NN,1
claim,claim,NN,1
wished,wished,VBD,1
lead,lead,VB,1
practical,practical,JJ,1
independent,independent,JJ,1
organized,organized,VBN,1
unrecognized,unrecognized,JJ,1
borders,borders,NNS,1
world's,world's,NN,1
surviving,surviving,VBG,1
tongues,tongues,NNS,1
plus,plus,CC,1
lingo,lingo,NNP,1
pidgin,pidgin,NN,1
vocabulary,vocabulary,NN,1
derived,derived,VBN,1
contained,contained,VBN,1
sheet,sheet,NN,1
paper,paper,NN,1
greenland,greenland,NNP,1
caribbean,caribbean,NNP,1
eastern,eastern,JJ,1
island,island,NN,1
hawaiian-americans,hawaiian-americans,NNPS,1
resettling,resettling,VBG,1
american,american,NNP,1
twenty,twenty,CD,1
descendants,descendants,NNS,1
french-canadians,french-canadians,NNPS,1
hudson,hudson,NNP,1
bay,bay,NNP,1
preserve,preserve,NNP,1
rotated,rotated,VBD,1
zone,zone,NN,1
city,city,NNP,1
blaze,blaze,VB,1
apartment,apartment,NN,1
notified,notified,VBN,1
tahiti,tahiti,NNP,1
weep,weep,VB,1
private,private,JJ,1
frigid,frigid,JJ,1
public,public,NN,1
dry-eyed,dry-eyed,JJ,1
friends,friends,NNS,1
associates,associates,NNS,1
sympathize,sympathize,VB,1
unrealistically,unrealistically,RB,1
crash,crash,NN,1
wanted,wanted,VBN,1
somehow,somehow,RB,1
passengers,passengers,NNS,1
supposed,supposed,VBN,1
died,died,VBN,1
elaborate,elaborate,JJ,1
frauds,frauds,NNS,1
cover,cover,VB,1
agreed,agreed,VBN,1
disgrace,disgrace,NN,1
cremated,cremated,VBN,1
ashes,ashes,NNS,1
flung,flung,VBN,1
ceremony,ceremony,NN,1
fish,fish,NN,1
cared,cared,VBD,1
sorry,sorry,JJ,1
keeping,keeping,VBG,1
welling,welling,VBG,1
tear,tear,VB,1
rend,rend,VB,1
mutual,mutual,JJ,1
torture,torture,NN,1
marry,marry,VB,1
secretly,secretly,RB,1
dissolved,dissolved,VBN,1
choose,choose,VB,1
mate,mate,NN,1
barriers,barriers,NNS,1
prevented,prevented,VBN,1
conceiving,conceiving,VBG,1
hal's,hal's,NNP,1
child,child,NN,1
doubted,doubted,VBD,1
event,event,NN,1
occur,occur,VB,1
below,below,IN,1
navel,navel,NN,1
fat,fat,JJ,1
feeling,feeling,VBG,1
icy,icy,JJ,1
burning,burning,VBG,1
squat,squat,NN,1
loose-jowled,loose-jowled,JJ,1
smiling,smiling,VBG,1
lopsidedly,lopsidedly,RB,1
perennial,perennial,JJ,1
gadfly,gadfly,NN,1
voyage,voyage,NN,1
foreseen,foreseen,JJ,1
guardian,guardian,NN,1
choking,choking,VBG,1
thought,thought,VBN,1
5,5,CD,1
ultimate,ultimate,JJ,1
velocity,velocity,NN,1
99.1,99.1,CD,1
percent,percent,NN,1
meanwhile,meanwhile,RB,1
join,join,VB,1
gabriel's,gabriel's,NNP,1
increase,increase,VB,1
point,point,NN,1
endured,endured,VBN,1
upon,upon,IN,1
desired,desired,VBN,1
silent,silent,JJ,1
hurl,hurl,VB,1
journey's,journey's,NN,1
photon-counting,photon-counting,JJ,1
apparatus,apparatus,NN,1
nose,nose,NN,1
determine,determine,VB,1
close,close,JJ,1
actuate,actuate,VB,1
force,force,NN,1
endure,endure,VB,1
applied,applied,VBN,1
slowing,slowing,VBG,1
considerably,considerably,RB,1
adjust,adjust,VB,1
unthaw,unthaw,VB,1
half-year,half-year,NN,1
preparations,preparations,NNS,1
study,study,VB,1
chief,chief,NN,1
faced,faced,VBD,1
task,task,NN,1
succeeded,succeeded,VBN,1
correlating,correlating,VBG,1
description,description,NN,1
restricted,restricted,VBN,1
obviously,obviously,RB,1
cases,cases,NNS,1
discovery,discovery,NN,1
caused,caused,VBD,1
anxiety,anxiety,NN,1
school,school,NN,1
text,text,NN,1
entire,entire,JJ,1
means,means,NNS,1
disposal,disposal,NN,1
instructing,instructing,VBG,1
students,students,NNS,1
wrongly,wrongly,RB,1
moreover,moreover,RB,1
across,across,RB,1
natives,natives,NNS,1
differed,differed,VBD,1
somewhat,somewhat,RB,1
earthmen's,earthmen's,NNPS,1
dissimilar,dissimilar,JJ,1
approximated,approximated,VBN,1
ozagenians,ozagenians,NNPS,1
approximations,approximations,NNS,1
obstacle,obstacle,NN,1
grammatical,grammatical,JJ,1
construction,construction,NN,1
consider,consider,VB,1
inflecting,inflecting,VBG,1
verb,verb,NN,1
using,using,VBG,1
unattached,unattached,JJ,1
particle,particle,NN,1
indicate,indicate,VB,1
past,past,NN,1
animate,animate,JJ,1
infinitive,infinitive,NN,1
dabhumaksanigalu'ahai,dabhumaksanigalu'ahai,NN,1
meaning,meaning,VBG,1
ksu'u'peli'afo,ksu'u'peli'afo,NN,1
mai'teipa,mai'teipa,NN,1
use,use,NN,1
applied,applied,VBD,1
tenses,tenses,NNS,1
plus,plus,IN,1
genders,genders,NNS,1
feminine,feminine,JJ,1
neuter,neuter,JJ,1
inanimate,inanimate,JJ,1
spiritual,spiritual,JJ,1
fortunately,fortunately,RB,1
inflected,inflected,VBN,1
expression,expression,NN,1
born,born,VBN,1
indicating,indicating,VBG,1
varied,varied,VBD,1
according,according,RB,1
nouns,nouns,NNS,1
pronouns,pronouns,NNS,1
adjectives,adjectives,NNS,1
adverbs,adverbs,NNS,1
conjunctions,conjunctions,NNS,1
operated,operated,VBD,1
verbs,verbs,NNS,1
deductive,deductive,JJ,1
deciding,deciding,VBG,1
action,action,NN,1
established,established,VBN,1
premise,premise,NN,1
re-examine,re-examine,VB,1
value-judgments,value-judgments,NNS,1
govern,govern,VB,1
motives,motives,NNS,1
wholly,wholly,RB,1
cannot,cannot,NN,1
especially,especially,RB,1
mostly,mostly,RB,1
fixed,fixed,VBN,1
millions,millions,NNS,1
reasonably,reasonably,RB,1
used,used,VBN,1
hesperus',hesperus',NNP,1
answers,answers,NNS,1
dice,dice,NNS,1
cast,cast,VBN,1
misjudged,misjudged,VBD,1
concluded,concluded,VBN,1
ephemeral,ephemeral,JJ,1
justice,justice,NN,1
galactic,galactic,JJ,1
individually,individually,RB,1
mortal,mortal,JJ,1
difference,difference,NN,1
marked,marked,VBN,1
survived,survived,VBN,1
periods,periods,NNS,1
whereas,whereas,IN,1
recommend,recommend,VB,1
shorten,shorten,VB,1
trial,trial,NN,1
reclaim,reclaim,VB,1
penalty,penalty,NN,1
lifted,lifted,VBN,1
perceive,perceive,VB,1
essential,essential,NN,1
distinction,distinction,NN,1
either,either,RB,1
first-born,first-born,NNP,1
practicing,practicing,VBG,1
taught,taught,VBD,1
agent,agent,NN,1
regard,regard,VB,1
feels,feels,VBZ,1
received,received,VBN,1
pounding,pounding,VBG,1
individuals,individuals,NNS,1
bargaining,bargaining,NN,1
nations,nations,NNS,1
mission,mission,NN,1
nest,nest,NN,1
mine,mine,NN,1
recovering,recovering,VBG,1
impossible,impossible,JJ,1
curiosity,curiosity,NN,1
commodities,commodities,NNS,1
visiting,visiting,VBG,1
offering,offering,NN,1
worth,worth,NN,1
explained,explained,VBD,1
gladly,gladly,RB,1
entertain,entertain,VB,1
help,help,NN,1
reactors,reactors,NNS,1
customs,customs,NNS,1
misuse,misuse,VB,1
put,put,VBD,1
requires,requires,VBZ,1
behave,behave,VB,1
dictates,dictates,NNS,1
respect,respect,VB,1
wave,wave,NN,1
elation,elation,NN,1
forego,forego,VB,1
parochial,parochial,JJ,1
moral,moral,JJ,1
judgments,judgments,NNS,1
contract,contract,VB,1
regardless,regardless,RB,1
exercise,exercise,VB,1
similar,similar,JJ,1
restraints,restraints,NNS,1
respect,respect,NN,1
natural,natural,JJ,1
faintest,faintest,JJS,1
notion,notion,NN,1
perverse,perverse,JJ,1
habit,habit,NN,1
enforcing,enforcing,VBG,1
contrary,contrary,JJ,1
violations,violations,NNS,1
ratify,ratify,VB,1
considering,considering,IN,1
custom,custom,NN,1
everything,everything,PRP,1
absolutes,absolutes,NNS,1
proposal,proposal,NN,1
declaration,declaration,NN,1
furthermore,furthermore,RB,1
highly,highly,RB,1
clerk,clerk,NN,1
make-up,make-up,NN,1
codified,codified,VBN,1
whole,whole,JJ,1
safest,safest,JJS,1
sanest,sanest,JJS,1
outsiders,outsiders,NNS,1
precedent,precedent,NN,1
disarmament,disarmament,NN,1
unreassuringly,unreassuringly,RB,1
dismal,dismal,JJ,1
soviet,soviet,NNP,1
socialist,socialist,JJ,1
bomb,bomb,NN,1
test,test,NN,1
ban,ban,NN,1
provisional,provisional,JJ,1
acceptance,acceptance,NN,1
other's,other's,DT,1
intentions,intentions,NNS,1
road,road,NN,1
emerged,emerged,VBD,1
hegemony,hegemony,NN,1
nations,nations,NNPS,1
member,member,NN,1
existed,existed,VBD,1
virulence,virulence,NN,1
twentieth-century,twentieth-century,NN,1
rivalry,rivalry,NN,1
arizona,arizona,NNP,1
california,california,NNP,1
supplies,supplies,NNS,1
petty,petty,JJ,1
details,details,NNS,1
thrashed,thrashed,VBN,1
commonplace,commonplace,JJ,1
historically,historically,RB,1
sign,sign,NN,1
quarrel,quarrel,NN,1
settled,settled,VBN,1
convinced,convinced,VBN,1
tentative,tentative,JJ,1
signed,signed,VBN,1
secretary,secretary,NN,1
hart,hart,NNP,1
least,least,RB,1
partially,partially,RB,1
content,content,JJ,1
beginnings,beginnings,NNS,1
matters,matters,NNS,1
handle,handle,VB,1
screens,screens,NNS,1
crucial,crucial,JJ,1
conclusive,conclusive,JJ,1
late,late,JJ,1
audience,audience,NN,1
riot,riot,NN,1
meaningless,meaningless,JJ,1
activity,activity,NN,1
gradually,gradually,RB,1
realized,realized,VBD,1
pentagon,pentagon,NN,1
ritual,ritual,JJ,1
dance,dance,NN,1
broken,broken,VBN,1
zigzagging,zigzagging,VBG,1
wildly,wildly,RB,1
directions,directions,NNS,1
seemingly,seemingly,RB,1
random,random,NN,1
instruments,instruments,NNS,1
they'll,they'll,NN,1
while,while,NN,1
pip,pip,NN,1
rapidly,rapidly,RB,1
unprecedented,unprecedented,JJ,1
hove,hove,VBD,1
dot,dot,NN,1
roiling,roiling,VBG,1
blackness,blackness,NN,1
crimson,crimson,JJ,1
streaks,streaks,NNS,1
telescope,telescope,NN,1
spacesuits,spacesuits,NNS,1
attached,attached,VBN,1
unfurled,unfurled,VBN,1
holes,holes,NNS,1
predicted,predicted,VBN,1
startling,startling,JJ,1
numenous,numenous,JJ,1
awesome,awesome,JJ,1
trailing,trailing,VBG,1
comet's-tail,comet's-tail,NN,1
heading,heading,VBG,1
unlikely,unlikely,JJ,1
either,either,DT,1
light-year,light-year,NN,1
chance,chance,NN,1
signaling,signaling,VBG,1
call,call,NN,1
static,static,NN,1
rebuild,rebuild,VB,1
fuming,fuming,VBG,1
helpless,helpless,JJ,1
pass,pass,VB,1
ragged,ragged,JJ,1
enough,enough,DT,1
ocean,ocean,NN,1
poured,poured,VBN,1
believed,believed,VBN,1
causing,causing,VBG,1
agitation,agitation,NN,1
followed,followed,VBN,1
refused,refused,VBD,1
fed,fed,VBN,1
plots,plots,NNS,1
skiff's,skiff's,NN,1
curve,curve,NN,1
card,card,NN,1
spat,spat,VBD,1
argued,argued,VBN,1
nebula,nebula,NN,1
core,core,NN,1
religion,religion,NN,1
attract,attract,VB,1
equally,equally,RB,1
stern,stern,NN,1
chase,chase,NN,1
10,10,CD,1
surely,surely,RB,1
set,set,NN,1
frighteningly,frighteningly,RB,1
observant,observant,JJ,1
talked,talked,VBD,1
reasoning,reasoning,NN,1
cloud,cloud,NN,1
matter,matter,VB,1
invade,invade,VB,1
holy,holy,NNP,1
holies,holies,NNPS,1
direction,direction,NN,1
unnecessary,unnecessary,JJ,1
outcome,outcome,NN,1
disastrous,disastrous,JJ,1
crawled,crawled,VBD,1
restored,restored,VBD,1
excised,excised,VBN,1
reinstall,reinstall,VB,1
triggered,triggered,VBN,1
aboard,aboard,RB,1
receiving,receiving,VBG,1
promised,promised,VBD,1
intercept,intercept,VB,1
deeper,deeper,JJR,1
obstruct,obstruct,VB,1
bargain,bargain,NN,1
hearth,hearth,NN,1
promptly,promptly,RB,1
admitted,admitted,VBN,1
incident,incident,NN,1
permitted,permitted,VBN,1
short-lived,short-lived,JJ,1
plugged,plugged,VBD,1
instant's,instant's,NN,1
transition,transition,NN,1
green,green,JJ,1
winked,winked,VBD,1
taken,taken,VBN,1
hotter,hotter,JJR,1
cruiser,cruiser,NN,1
dreamed,dreamed,VBN,1
failed,failed,VBN,1
anticipate,anticipate,VB,1
plotting,plotting,VBG,1
intercept,intercept,NN,1
orbit,orbit,NN,1
t-tau,t-tau,NN,1
vector,vector,NN,1
trick,trick,NN,1
hefted,hefted,VBD,1
bulk,bulk,NN,1
supported,supported,VBD,1
elbow,elbow,NN,1
rubbed,rubbed,VBD,1
paw,paw,NN,1
okay,okay,JJ,1
cured,cured,VBN,1
cure,cure,VB,1
explaining,explaining,VBG,1
black,black,JJ,1
darted,darted,VBD,1
olive,olive,JJ,1
oval,oval,NN,1
insisted,insisted,VBD,1
ground-level,ground-level,NN,1
country,country,NN,1
facsiport,facsiport,NN,1
open,open,RB,1
landscape,landscape,NN,1
bluffs,bluffs,NNS,1
hugged,hugged,VBD,1
decaying,decaying,VBG,1
moss,moss,NN,1
winter,winter,NN,1
minneapolis,minneapolis,NNP,1
neon-lit,neon-lit,JJ,1
fire,fire,NN,1
galaxy,galaxy,NNP,1
milky,milky,JJ,1
way,way,NNP,1
blown,blown,VBN,1
master,master,NN,1
photographer,photographer,NN,1
fiery,fiery,JJ,1
swath,swath,NN,1
asteroid,asteroid,NN,1
capable,capable,JJ,1
infuriation,infuriation,NN,1
scientists,scientists,NNS,1
fifth,fifth,JJ,1
mapping,mapping,VBG,1
planetoids,planetoids,NNS,1
yancy-6,yancy-6,NNP,1
nearest,nearest,JJS,1
felt,felt,VBN,1
continent,continent,NN,1
antarctica,antarctica,NNP,1
neighbors,neighbors,NNS,1
elaborately,elaborately,RB,1
helmets,helmets,NNS,1
won't,won't,NN,1
helium,helium,NN,1
nitrogen,nitrogen,NN,1
ringing,ringing,VBG,1
hostile,hostile,JJ,1
interjected,interjected,VBD,1
readings,readings,NNS,1
electronic,electronic,JJ,1
galvanic,galvanic,JJ,1
blank,blank,JJ,1
according,according,IN,1
needles,needles,NNS,1
fort,fort,NN,1
confirmed,confirmed,VBD,1
story,story,NN,1
rookie,rookie,NN,1
excited,excited,VBN,1
encephalographic,encephalographic,JJ,1
officer,officer,NN,1
works,works,VBZ,1
unfathomable,unfathomable,JJ,1
manner,manner,NN,1
worried,worried,VBN,1
mis-reading,mis-reading,VBG,1
dials,dials,NNS,1
lug,lug,NN,1
reading,reading,VBG,1
positive,positive,JJ,1
mark,mark,NN,1
ambidextrous,ambidextrous,JJ,1
followed,followed,VBD,1
airlock,airlock,NN,1
lapel,lapel,NN,1
suit,suit,NN,1
set,set,VB,1
repel,repel,VB,1
bacteria,bacteria,NNS,1
types,types,NNS,1
infection,infection,NN,1
attack,attack,VB,1
warm-blooded,warm-blooded,JJ,1
mammal,mammal,NN,1
infinite,infinite,JJ,1
adequate,adequate,JJ,1
defenses,defenses,NNS,1
categories,categories,NNS,1
likely,likely,JJ,1
hot,hot,JJ,1
chills,chills,NNS,1
puzzling,puzzling,JJ,1
striped,striped,VBN,1
fever,fever,NN,1
ladder,ladder,NN,1
seismological,seismological,JJ,1
judge,judge,VB,1
resistance,resistance,NN,1
dropped,dropped,VBD,1
contrasts,contrasts,NNS,1
sharp,sharp,JJ,1
shadow,shadow,NN,1
beast,beast,NN,1
sprawled,sprawled,VBN,1
boot,boot,NN,1
hey,hey,UH,1
pretty,pretty,RB,1
wart-hog,wart-hog,NN,1
uh-huh,uh-huh,UH,1
matches,matches,NNS,1
statistical,statistical,JJ,1
average,average,NN,1
creepy,creepy,JJ,1
feeling,feeling,NN,1
rabbit,rabbit,NN,1
turtle,turtle,NN,1
makes,makes,VBZ,1
exploration,exploration,NN,1
business,business,NN,1
somebody,somebody,PRP,1
everywhere,everywhere,RB,1
sidewise,sidewise,RB,1
seldom,seldom,RB,1
cleared,cleared,VBD,1
dissect,dissect,VB,1
toe,toe,NN,1
ekstrohm's,ekstrohm's,NNP,1
dominant,dominant,JJ,1
species,species,NN,1
definite,definite,JJ,1
proof,proof,NN,1
we'd,we'd,NN,1
clearer,clearer,JJR,1
ecological,ecological,JJ,1
beasts,beasts,NNS,1
represent,represent,VB,1
looks,looks,VBZ,1
blastdown,blastdown,NN,1
landing,landing,NN,1
lethal,lethal,JJ,1
creatures,creatures,NNS,1
mineral,mineral,NN,1
deposits,deposits,NNS,1
shield,shield,VB,1
output,output,NN,1
dose,dose,NN,1
knock,knock,VB,1
virtually,virtually,RB,1
radioactive,radioactive,JJ,1
exposure,exposure,NN,1
r's,r's,NNP,1
stored,stored,VBN,1
lot,lot,NN,1
harm,harm,NN,1
shockwave,shockwave,NN,1
sheer,sheer,JJ,1
xenophobia,xenophobia,NN,1
curl,curl,VB,1
stage,stage,NN,1
particularly,particularly,RB,1
aliens,aliens,NNS,1
hope,hope,VB,1
real,real,RB,1
quiet,quiet,JJ,1
cluster,cluster,NN,1
aluminum,aluminum,NN,1
ringed,ringed,VBN,1
spy,spy,NN,1
alert,alert,VB,1
approach,approach,NN,1
enforced,enforced,VBN,1
intimacy,intimacy,NN,1
yancey-6,yancey-6,NNP,1
138,138,NNP,1
keening,keening,NN,1
wind,wind,NN,1
cracking,cracking,VBG,1
revive,revive,VB,1
thaw,thaw,VB,1
couches,couches,NNS,1
soundly,soundly,RB,1
renewed,renewed,VBN,1
contact,contact,NN,1
birthed,birthed,VBN,1
vacuum,vacuum,NN,1
blanket,blanket,NN,1
swung,swung,VBD,1
off,off,IN,1
floor,floor,NN,1
closed,closed,VBN,1
walk,walk,VB,1
comfort,comfort,NN,1
doctors,doctors,NNS,1
shortly,shortly,RB,1
fitfully,fitfully,RB,1
absolutely,absolutely,RB,1
processes,processes,NNS,1
slowed,slowed,VBD,1
dispell,dispell,VB,1
fatigue,fatigue,NN,1
poisons,poisons,NNS,1
occasionally,occasionally,RB,1
gritty-eyed,gritty-eyed,JJ,1
shipmates,shipmates,NNS,1
ground,ground,VB,1
exploration,exploration,NNP,1
physiological,physiological,JJ,1
grounds,grounds,NNS,1
confide,confide,VB,1
invariably,invariably,RB,1
advantage,advantage,NN,1
anyway,anyway,RB,1
watches,watches,NNS,1
reports,reports,NNS,1
threatening,threatening,VBG,1
report,report,VB,1
laxness,laxness,NN,1
avoid,avoid,VB,1
bad,bad,JJ,1
dreams,dreams,NNS,1
shipboard,shipboard,NN,1
easier,easier,JJR,1
hard,hard,JJ,1
picked,picked,VBD,1
lightweight,lightweight,JJ,1
no-back,no-back,NN,1
ship's,ship's,NN,1
book,book,NN,1
bloch,bloch,NNP,1
famous,famous,JJ,1
twentieth,twentieth,JJ,1
expert,expert,NN,1
lines,lines,NNS,1
social,social,JJ,1
repercussions,repercussions,NNS,1
celebrated,celebrated,VBN,1
nineteenth,nineteenth,JJ,1
murderer,murderer,NN,1
concentrate,concentrate,VB,1
weighty,weighty,JJ,1
pontifical,pontifical,JJ,1
ponderous,ponderous,JJ,1
style,style,NN,1
impulse,impulse,NN,1
flipped,flipped,VBD,1
heat,heat,NN,1
slid,slid,VBD,1
glass,glass,NN,1
unfamiliar,unfamiliar,JJ,1
constellations,constellations,NNS,1
smelling,smelling,VBG,1
sterility,sterility,NN,1
air,air,NN,1
mates,mates,NNS,1
startled,startled,VBN,1
banging,banging,NN,1
seconds,seconds,NNS,1
put,put,VB,1
sleeplessly,sleeplessly,RB,1
burnt-red,burnt-red,JJ,1
greeted,greeted,VBD,1
fun,fun,NN,1
beasties,beasties,NNS,1
laying,laying,VBG,1
shouldered,shouldered,VBD,1
veldt,veldt,NN,1
ring,ring,NN,1
animal,animal,NN,1
corpses,corpses,NNS,1
wispy,wispy,JJ,1
whipping,whipping,VBG,1
keen,keen,JJ,1
breeze,breeze,NN,1
damned,damned,VBN,1
buddy,buddy,NN,1
expe,expe,NNP,1
mucking,mucking,VBG,1
primary,primary,JJ,1
evidence,evidence,NN,1
pick,pick,NN,1
patsy,patsy,NN,1
local,local,JJ,1
phenomenon,phenomenon,NN,1
accuse,accuse,VB,1
shipmate,shipmate,NN,1
benefit,benefit,NN,1
aren't,aren't,NN,1
exactly,exactly,RB,1
model,model,NN,1
ticket,ticket,NN,1
we've,we've,NN,1
comes,comes,VBZ,1
fits,fits,VBZ,1
pattern,pattern,NN,1
secrecy,secrecy,NN,1
stealth,stealth,NN,1
lousy,lousy,JJ,1
last,last,VB,1
alarm,alarm,NN,1
missing,missing,VBG,1
explanations,explanations,NNS,1
pull,pull,VB,1
deliberately,deliberately,RB,1
foul,foul,VB,1
illness,illness,NN,1
scowled,scowled,VBD,1
try,try,VB,1
outweigh,outweigh,VB,1
fifty,fifty,CD,1
pounds,pounds,NNS,1
planning,planning,VBG,1
jumping,jumping,VBG,1
jump,jump,VB,1
let,let,NN,1
self's,self's,NN,1
integrity,integrity,NN,1
selves,selves,NNS,1
threes-fulfilled,threes-fulfilled,JJ,1
corporate,corporate,JJ,1
discorporate,discorporate,JJ,1
precious,precious,JJ,1
unknown,unknown,JJ,1
waiting,waiting,NN,1
cherished,cherished,VBD,1
loose,loose,JJ,1
ends,ends,NNS,1
puzzle,puzzle,VB,1
fit,fit,VB,1
tabernacle,tabernacle,NNP,1
senator,senator,NNP,1
warily,warily,RB,1
uneasy,uneasy,JJ,1
miss,miss,NNP,1
dawn,dawn,NNP,1
ardent,ardent,NNP,1
tasted,tasted,VBD,1
smell,smell,NN,1
incompletely,incompletely,RB,1
grokked,grokked,VBN,1
jumping,jumping,NN,1
wailing,wailing,VBG,1
conversations,conversations,NNS,1
coming,coming,VBG,1
troubled,troubled,VBD,1
most,most,RBS,1
studied,studied,VBD,1
nestling,nestling,NN,1
struggling,struggling,VBG,1
bridge,bridge,VB,1
knotty,knotty,JJ,1
difficulty,difficulty,NN,1
unless,unless,IN,1
worship,worship,NN,1
congregation,congregation,NN,1
equated,equated,VBD,1
totality,totality,NN,1
growing-waiting,growing-waiting,NN,1
rejected,rejected,VBN,1
differently,differently,RB,1
understanding,understanding,VBG,1
inevitability,inevitability,NN,1
sentence,sentence,NN,1
closer,closer,JJR,1
repeating,repeating,VBG,1
student,student,NN,1
jewel,jewel,NN,1
lotus,lotus,NN,1
sank,sank,VBD,1
nirvana,nirvana,NN,1
speeded,speeded,VBD,1
resumed,resumed,VBD,1
uncurled,uncurled,VBD,1
weary,weary,JJ,1
gay,gay,JJ,1
clear-headed,clear-headed,JJ,1
actions,actions,NNS,1
spreading,spreading,VBG,1
puppyish,puppyish,JJ,1
earlier,earlier,JJR,1
quiet,quiet,NN,1
hall,hall,NN,1
delighted,delighted,VBN,1
encounter,encounter,VB,1
hi,hi,UH,1
chipper,chipper,JJ,1
ben,ben,NNP,1
stinky,stinky,NNP,1
hour,hour,NN,1
bed,bed,NN,1
disappointed,disappointed,VBN,1
explain,explain,VB,1
ought,ought,MD,1
snack,snack,NN,1
chicken,chicken,NN,1
we'll,we'll,NN,1
downstairs,downstairs,RB,1
loaded,loaded,VBD,1
lavishly,lavishly,RB,1
swim,swim,VB,1
indian,indian,JJ,1
floods,floods,NNS,1
darkness,darkness,NN,1
night-sight,night-sight,NN,1
foster,foster,JJ,1
parents,parents,NNS,1
mount,mount,NNP,1
everest,everest,NNP,1
tolerance,tolerance,NN,1
changes,changes,NNS,1
temperature,temperature,NN,1
considerate,considerate,JJ,1
weakness,weakness,NN,1
learned,learned,VBD,1
looking,looking,VBG,1
forward,forward,RB,1
crystal,crystal,NN,1
individual,individual,NN,1
read,read,VBN,1
walking,walking,VBG,1
barefoot,barefoot,RB,1
rolling,rolling,VBG,1
pleasing,pleasing,JJ,1
underwater,underwater,JJ,1
lights,lights,NNS,1
that'll,that'll,NN,1
liked,liked,VBD,1
ripples,ripples,NNS,1
beauty,beauty,NN,1
picnicked,picnicked,VBD,1
pool,pool,NN,1
antares,antares,NNP,1
sparse,sparse,JJ,1
spring,spring,NN,1
larry,larry,NNP,1
teaches,teaches,VBZ,1
helped,helped,VBN,1
colder,colder,JJR,1
nymphs,nymphs,NNS,1
nests,nests,NNS,1
quickening,quickening,VBG,1
equator,equator,NN,1
discorporated,discorporated,VBN,1
mr.,mr.,NNP,1
booker,booker,NNP,1
t.,t.,NNP,1
w.,w.,NNP,1
jones,jones,NNP,1
food,food,NNP,1
technician,technician,NNP,1
first,first,NN,1
class,class,NNP,1
dear,dear,UH,1
darling,darling,JJ,1
kissed,kissed,VBD,1
kissing,kissing,VBG,1
presently,presently,RB,1
breathlessly,breathlessly,RB,1
worse,worse,JJR,1
indeed,indeed,NN,1
kiss,kiss,VB,1
clock,clock,NN,1
dear,dear,JJ,1
merged,merged,VBD,1
grokking,grokking,VBG,1
together,together,RB,1
softly,softly,RB,1
triumphantly,triumphantly,RB,1
discorporate,discorporate,VB,1
25,25,CD,1
.,.,NN,1
building,building,VBG,1
domes,domes,NNS,1
male,male,NN,1
arrive,arrive,VB,1
faster,faster,RBR,1
scheduled,scheduled,VBN,1
helpful,helpful,JJ,1
saved,saved,VBN,1
spent,spent,VBN,1
preliminary,preliminary,JJ,1
estimate,estimate,NN,1
long-distance,long-distance,NN,1
free,free,VB,1
sands,sands,NNS,1
friendly,friendly,JJ,1
future,future,JJ,1
neither,neither,CC,1
helped,helped,VBD,1
hindered,hindered,VBD,1
meditations,meditations,NNS,1
approaching,approaching,VBG,1
shape,shape,VB,1
millennia,millennia,NNS,1
elections,elections,NNS,1
advanced,advanced,VBN,1
poet,poet,NN,1
edition,edition,NN,1
verse,verse,NN,1
consisting,consisting,VBG,1
punctuation,punctuation,NN,1
marks,marks,NNS,1
spaces,spaces,NNS,1
magazine,magazine,NN,1
reviewed,reviewed,VBD,1
assembly,assembly,NNP,1
daily,daily,JJ,1
record,record,NNP,1
colossal,colossal,JJ,1
campaign,campaign,NN,1
sell,sell,VB,1
sexual,sexual,JJ,1
mrs.,mrs.,NNP,1
joseph,joseph,NNP,1
shadow,shadow,NNP,1
greatness,greatness,NNP,1
douglas,douglas,NNP,1
quoted,quoted,VBN,1
table,table,NN,1
serviettes,serviettes,NNS,1
tibetan,tibetan,JJ,1
swami,swami,NN,1
palermo,palermo,NNP,1
sicily,sicily,NNP,1
beverly,beverly,NNP,1
hills,hills,NNPS,1
newly,newly,RB,1
yoga,yoga,NN,1
discipline,discipline,NN,1
ripple,ripple,NN,1
increased,increased,VBD,1
pranha,pranha,NN,1
attraction,attraction,NN,1
sexes,sexes,NNS,1
chelas,chelas,NN,1
assume,assume,VB,1
matsyendra,matsyendra,NN,1
posture,posture,NN,1
dressed,dressed,VBN,1
hand-woven,hand-woven,JJ,1
diapers,diapers,NNS,1
aloud,aloud,RB,1
rig-veda,rig-veda,NNP,1
assistant,assistant,NN,1
guru,guru,NN,1
examined,examined,VBD,1
purses,purses,NNS,1
stolen,stolen,VBN,1
purpose,purpose,NN,1
immediate,immediate,JJ,1
president,president,NNP,1
proclaimed,proclaimed,VBD,1
sunday,sunday,NN,1
november,november,NNP,1
national,national,JJ,1
grandmothers',grandmothers',NNPS,1
urged,urged,VBD,1
funeral,funeral,NN,1
parlor,parlor,NN,1
indicted,indicted,VBN,1
price-cutting,price-cutting,NN,1
fosterite,fosterite,JJ,1
secret,secret,JJ,1
conclave,conclave,NN,1
church's,church's,NNP,1
miracle,miracle,NNP,1
bodily,bodily,RB,1
spot-promoted,spot-promoted,VBN,1
ranking,ranking,VBG,1
with-but-after,with-but-after,IN,1
held,held,VBN,1
pending,pending,IN,1
heavenly,heavenly,JJ,1
confirmation,confirmation,NN,1
huey,huey,NNP,1
faction,faction,NN,1
cast,cast,NN,1
repeatedly,repeatedly,RB,1
l'unita,l'unita,NN,1
hoy,hoy,NN,1
identical,identical,JJ,1
denunciations,denunciations,NNS,1
short's,short's,NNP,1
l'osservatore,l'osservatore,NN,1
romano,romano,NN,1
christian,christian,JJ,1
science,science,NNP,1
monitor,monitor,NNP,1
times,times,NNPS,1
snickered,snickered,VBD,1
manchester,manchester,NNP,1
guardian,guardian,NNP,1
fosterites,fosterites,NNPS,1
england,england,NNP,1
extremely,extremely,RB,1
militant,militant,JJ,1
promotion,promotion,NN,1
man,man,NNP,1
interrupted,interrupted,VBN,1
half,half,RB,1
finished,finished,VBN,1
louse,louse,VB,1
patience,patience,NN,1
junior,junior,NNP,1
eternity,eternity,NN,1
recriminations,recriminations,NNS,1
poisoned,poisoned,VBD,1
afterwards,afterwards,RB,1
he'll,he'll,NN,1
popes,popes,NNPS,1
warts,warts,NNS,1
ahead,ahead,RB,1
jealousy,jealousy,NN,1
calmed,calmed,VBD,1
request,request,NN,1
shouldn't,shouldn't,NN,1
submit,submit,VB,1
requisition,requisition,NN,1
miracle,miracle,NN,1
yourself,yourself,PRP,1
it'll,it'll,NN,1
ours,ours,NN,1
show,show,NN,1
variety,variety,NN,1
field,field,VB,1
workers,workers,NNS,1
miss,miss,VB,1
punk,punk,NN,1
brush,brush,VB,1
aside,aside,RB,1
helping,helping,VBG,1
boss,boss,NNP,1
wants,wants,VBZ,1
gripes,gripes,NNS,1
calm,calm,VB,1
duck,duck,VB,1
muslim,muslim,JJ,1
paradise,paradise,NNP,1
otherwise,otherwise,RB,1
straighten,straighten,VB,1
square,square,VB,1
wings,wings,NNS,1
dig,dig,VB,1
sooner,sooner,RBR,1
act,act,VB,1
quicker,quicker,RBR,1
you'll,you'll,NN,1
junior,junior,JJ,1
heaved,heaved,VBD,1
ethereal,ethereal,JJ,1
digby's,digby's,NNP,1
announced,announced,VBN,1
fleeting,fleeting,VBG,1
dismissed,dismissed,VBD,1
finger,finger,NN,1
worried,worried,VBD,1
bothered,bothered,VBN,1
household,household,NN,1
upset,upset,VBN,1
deduced,deduced,VBD,1
inquire,inquire,VB,1
mike,mike,NN,1
legal,legal,JJ,1
presumed,presumed,VBD,1
defend,defend,VB,1
clinches,clinches,NNS,1
salted,salted,VBN,1
reconstruct,reconstruct,VB,1
crime,crime,NN,1
behaved,behaved,VBD,1
shifting,shifting,VBG,1
abc,abc,NNP,1
d,d,NNP,1
then,then,JJ,1
bcd,bcd,NNP,1
a,a,NNP,1
ab,ab,NNP,1
cd,cd,NNP,1
ad,ad,NNP,1
cb,cb,NNP,1
ways,ways,NNS,1
four,four,CD,1
gang,gang,VB,1
week,week,NN,1
ill-starred,ill-starred,JJ,1
usually,usually,RB,1
pronounced,pronounced,VBN,1
minded,minded,VBN,1
service,service,NN,1
pieces,pieces,NNS,1
spend,spend,VB,1
tiptoeing,tiptoeing,VBG,1
preoccupied,preoccupied,VBN,1
cook,cook,VB,1
secretaries,secretaries,NNS,1
rock-steady,rock-steady,JJ,1
hell,hell,UH,1
worst,worst,JJS,1
absent-minded,absent-minded,JJ,1
unexplained,unexplained,JJ,1
bet,bet,NN,1
witness,witness,VB,1
coming,coming,NNP,1
memorize,memorize,VB,1
date,date,NN,1
personae,personae,NNS,1
barometric,barometric,JJ,1
batting,batting,VBG,1
calm,calm,JJ,1
stammered,stammered,VBD,1
two-nosed,two-nosed,JJ,1
baby,baby,NN,1
touch,touch,NN,1
arm,arm,NN,1
knot,knot,NN,1
hug,hug,VB,1
spacesuit,spacesuit,NN,1
stumbled,stumbled,VBD,1
hurt,hurt,VB,1
many-bodied,many-bodied,JJ,1
radiated,radiated,VBD,1
warmth,warmth,NN,1
fellowship,fellowship,NN,1
distinguished,distinguished,VBN,1
charming,charming,JJ,1
struggled,struggled,VBD,1
clothes,clothes,NNS,1
foolish,foolish,JJ,1
snobbish,snobbish,JJ,1
wear,wear,VB,1
clothing,clothing,NN,1
babbled,babbled,VBD,1
expressing,expressing,VBG,1
euphoria,euphoria,NN,1
universe,universe,NN,1
forbidden,forbidden,VBN,1
visit,visit,VB,1
weren't,weren't,NN,1
quite,quite,RB,1
painful,painful,JJ,1
stab,stab,NN,1
abdomen,abdomen,NN,1
swallowed,swallowed,VBD,1
cap,cap,NN,1
hospital,hospital,NN,1
times,times,NNS,1
crippling,crippling,VBG,1
deliberate,deliberate,JJ,1
rammed,rammed,VBD,1
focus,focus,NN,1
pinkly,pinkly,RB,1
nude,nude,JJ,1
desert,desert,NN,1
bite,bite,NN,1
foremost,foremost,JJS,1
upright,upright,NN,1
thicken,thicken,VB,1
slack,slack,JJ,1
awake,awake,RB,1
companionable,companionable,JJ,1
attractive,attractive,JJ,1
sterilizing,sterilizing,VBG,1
knives,knives,NNS,1
lasted,lasted,VBN,1
endured,endured,VBD,1
ministrations,ministrations,NNS,1
screams,screams,NNS,1
movement,movement,NN,1
agonies,agonies,NNS,1
nerves,nerves,NNS,1
itching,itching,VBG,1
phenomena,phenomena,NNS,1
casual,casual,JJ,1
hand-covered,hand-covered,JJ,1
dragged,dragged,VBD,1
arrived,arrived,VBN,1
blinked,blinked,VBD,1
friendlily,friendlily,RB,1
lapsed,lapsed,VBD,1
restful,restful,JJ,1
emerged,emerged,VBN,1
rise,rise,NN,1
occasion,occasion,NN,1
closed,closed,VBD,1
briefly,briefly,RB,1
shining,shining,VBG,1
fed,fed,VBD,1
mysterious,mysterious,JJ,1
canceled,canceled,VBD,1
needs,needs,NNS,1
cycles,cycles,NNS,1
inwardness,inwardness,NN,1
formerly,formerly,RB,1
noticed,noticed,VBN,1
benign,benign,JJ,1
stretched,stretched,VBN,1
greater,greater,JJR,1
capacity,capacity,NN,1
retaining,retaining,VBG,1
condition,condition,NN,1
articulate,articulate,JJ,1
arteries,arteries,NNS,1
pulsating,pulsating,VBG,1
prettily,prettily,RB,1
half-transparent,half-transparent,JJ,1
film,film,NN,1
protected,protected,VBD,1
abdominal,abdominal,JJ,1
squeezed,squeezed,VBD,1
shoulder,shoulder,NN,1
woke,woke,VBD,1
healthily,healthily,RB,1
sleepy,sleepy,JJ,1
grin,grin,NN,1
morrow,morrow,NN,1
cards,cards,NNS,1
eye-machine,eye-machine,NN,1
figures,figures,NNS,1
ashamed,ashamed,JJ,1
obviousness,obviousness,NN,1
plays,plays,NNS,1
dummies,dummies,NNS,1
gestured,gestured,VBD,1
hummocks,hummocks,NNS,1
decorticated,decorticated,VBN,1
cradled,cradled,VBN,1
laughed,laughed,VBD,1
lovelies,lovelies,NNS,1
clocks,clocks,NNS,1
cares,cares,VBZ,1
calendars,calendars,NNS,1
climate,climate,NN,1
inclined,inclined,VBN,1
earth-weeks,earth-weeks,NNS,1
earth-week,earth-week,NN,1
well-read,well-read,JJ,1
conviction,conviction,NN,1
received,received,VBD,1
dromozootic,dromozootic,JJ,1
implant,implant,NN,1
red,red,JJ,1
shouted,shouted,VBD,1
senselessly,senselessly,RB,1
helplessly,helplessly,RB,1
twisted,twisted,VBD,1
hoarsely,hoarsely,RB,1
moved,moved,VBD,1
father,father,NN,1
clustered,clustered,VBD,1
pleasantly,pleasantly,RB,1
child's,child's,NN,1
hair,hair,NN,1
top,top,NN,1
dainty,dainty,JJ,1
eyebrows,eyebrows,NNS,1
blissful,blissful,JJ,1
knife,knife,NN,1
grinding,grinding,VBG,1
cartilage,cartilage,NN,1
child-face,child-face,NN,1
grimace,grimace,VB,1
cut,cut,VBN,1
cool,cool,JJ,1
flash,flash,NN,1
unimportant,unimportant,JJ,1
dabbed,dabbed,VBD,1
wound,wound,NN,1
corrosive,corrosive,JJ,1
antiseptic,antiseptic,NN,1
bleeding,bleeding,NN,1
immediately,immediately,RB,1
chest,chest,NN,1
torso,torso,NN,1
waist,waist,NN,1
toe-tips,toe-tips,NNS,1
teratologies,teratologies,NNS,1
pretty,pretty,JJ,1
shapely,shapely,JJ,1
nicest,nicest,JJS,1
relationship,relationship,NN,1
whisper,whisper,NN,1
thousands,thousands,NNS,1
smiles,smiles,NNS,1
people,people,NNPS,1
immensely,immensely,RB,1
comforting,comforting,VBG,1
occurred,occurred,VBD,1
victims,victims,NNS,1
changed,changed,VBD,1
appearance,appearance,NN,1
arrived,arrived,VBD,1
everlasting,everlasting,JJ,1
sleep,sleep,NN,1
burned-out,burned-out,JJ,1
brains,brains,NNS,1
ground-truck,ground-truck,NN,1
added,added,VBN,1
herds,herds,NNS,1
truck,truck,NN,1
threshed,threshed,VBD,1
bawled,bawled,VBD,1
finally,finally,RB,1
manage,manage,VB,1
door,door,NN,1
fight,fight,VB,1
bliss,bliss,NN,1
memory,memory,NN,1
previous,previous,JJ,1
bewilderment,bewilderment,NN,1
perplexity,perplexity,NN,1
longer,longer,RBR,1
fighting,fighting,VBG,1
begged,begged,VBD,1
grudgingly,grudgingly,RB,1
doorway,doorway,NN,1
address,address,NN,1
box,box,NN,1
built,built,VBD,1
gigantic,gigantic,JJ,1
roared,roared,VBD,1
friend,friend,NN,1
wanting,wanting,VBG,1
exceedingly,exceedingly,RB,1
profound,profound,JJ,1
understood,understood,VBN,1
standard,standard,JJ,1
eighty-four,eighty-four,CD,1
seven,seven,CD,1
hours,hours,NNS,1
eleven,eleven,CD,1
fellow,fellow,NN,1
sane,sane,JJ,1
persuaded,persuaded,VBD,1
cow-man,cow-man,NN,1
remain,remain,VB,1
crazy,crazy,JJ,1
slave,slave,NN,1
hopes,hopes,NNS,1
surrounded,surrounded,VBN,1
family,family,NN,1
cow-people,cow-people,NNS,1
resembling,resembling,VBG,1
despite,despite,IN,1
eaten,eaten,VBN,1
eggs,eggs,NNS,1
pan,pan,NN,1
staggered,staggered,VBD,1
hospitable,hospitable,JJ,1
unclaimed,unclaimed,JJ,1
square,square,NN,1
miles,miles,NNS,1
seating,seating,VBG,1
appreciated,appreciated,VBD,1
kindliness,kindliness,NN,1
gesture,gesture,NN,1
4,4,CD,1
by,by,RB,1
change,change,VB,1
bubbling,bubbling,VBG,1
geysers,geysers,NNS,1
faintly,faintly,RB,1
across,across,IN,1
declared,declared,VBN,1
captain,captain,NNP,1
alvarez,alvarez,NNP,1
setting,setting,NN,1
crops,crops,NNS,1
change,change,NN,1
season,season,NN,1
load,load,NN,1
commingled,commingled,VBN,1
shocks,shocks,NNS,1
statement,statement,NN,1
wit,wit,NN,1
courses,courses,NNS,1
exchange,exchange,VB,1
names,names,NNS,1
harvest,harvest,VB,1
dream,dream,NN,1
escape,escape,NN,1
old-style,old-style,NN,1
chemical,chemical,NN,1
rockets,rockets,NNS,1
lift,lift,VB,1
beyond,beyond,IN,1
b'dikkat's,b'dikkat's,NNP,1
plans,plans,NNS,1
crop,crop,NN,1
transmuted,transmuted,VBN,1
flesh,flesh,NN,1
far,far,RB,1
prisoner,prisoner,NN,1
handwriting,handwriting,NN,1
rock,rock,NN,1
care,care,VB,1
scraped,scraped,VBN,1
message,message,NN,1
opening,opening,NN,1
stepping,stepping,VBG,1
window,window,NN,1
letting,letting,VBG,1
blow,blow,VB,1
ten,ten,CD,1
fingers,fingers,NNS,1
front,front,JJ,1
